,school,sex,age,address,famsize,Pstatus,Medu,Fedu,Mjob,Fjob,reason,guardian,traveltime,studytime,failures,schoolsup,famsup,paid,activities,nursery,higher,internet,romantic,famrel,freetime,goout,Dalc,Walc,health,absences,PG1,PG2
0,0,0,15,0,1,1,4,4,1,5,3,2,2,1,0,0,0,0,0,1,1,1,1,1,5,1,3,5,5,0,13,14
1,0,0,16,0,1,1,1,1,4,5,4,1,4,3,0,1,1,0,0,1,1,0,0,4,4,3,1,1,5,2,10,9
2,1,1,19,1,1,1,2,1,5,5,2,2,1,1,0,0,0,0,0,1,1,1,0,5,3,4,1,4,4,10,7,11
3,0,1,17,1,1,1,2,3,5,3,1,1,2,2,0,0,0,0,1,1,1,1,0,4,4,3,1,1,3,4,14,15
4,0,1,16,1,1,0,1,2,5,5,4,2,1,3,0,1,0,0,0,1,1,1,0,4,4,3,1,1,5,0,10,11
5,0,0,16,0,0,1,2,2,5,5,3,2,1,3,0,0,1,0,0,0,1,0,1,4,3,3,2,2,5,2,11,11
6,0,1,15,0,0,1,1,3,4,5,2,1,3,1,0,0,1,0,1,1,1,1,0,4,2,4,3,5,3,2,10,11
7,1,1,18,1,0,1,1,1,5,5,3,2,1,1,2,0,0,0,0,1,0,1,1,2,3,5,2,5,4,0,11,9
8,1,0,16,1,1,1,1,2,5,5,3,2,1,1,0,0,0,0,0,1,0,1,0,5,3,5,1,2,5,4,12,11
9,1,1,18,1,1,1,4,4,5,5,3,2,1,3,0,0,0,0,1,1,1,1,0,4,3,3,2,2,3,0,13,14
10,0,0,18,1,1,1,3,3,3,3,4,2,2,2,0,0,1,0,0,1,1,1,1,4,3,2,1,3,3,6,13,12
11,1,0,17,1,1,0,4,4,5,1,1,2,2,2,0,1,1,0,0,1,1,0,0,4,1,4,1,1,1,2,10,13
12,1,1,17,0,1,1,1,2,4,4,1,2,1,2,0,0,1,0,1,0,1,0,1,3,5,2,2,2,1,2,16,17
13,0,1,16,0,1,1,2,1,5,3,2,2,2,2,0,0,0,0,1,1,1,1,0,5,2,1,1,1,2,0,8,7
14,1,0,15,1,0,1,4,2,2,5,4,2,1,2,0,0,1,0,0,1,1,1,0,4,3,3,1,1,5,0,16,14
15,1,1,17,1,0,1,2,3,3,3,2,1,1,2,0,0,1,0,0,0,1,1,0,5,3,3,1,3,3,0,10,11
16,0,0,17,0,1,1,4,1,5,5,4,2,1,1,0,0,0,0,0,1,1,1,1,4,2,3,1,2,5,1,13,14
17,1,1,17,1,1,1,3,3,5,5,2,1,1,2,0,0,0,0,1,0,1,1,0,4,3,4,1,4,4,4,11,9
18,1,0,17,0,0,1,2,2,3,3,3,2,1,3,0,0,1,0,1,1,1,1,0,3,3,2,2,2,3,0,11,11
19,0,0,17,0,1,1,2,3,5,5,3,2,2,1,0,0,1,0,0,1,1,1,0,5,5,5,1,3,3,2,10,11
20,1,0,16,1,0,0,3,3,5,3,1,2,1,2,0,0,1,0,0,1,1,1,0,2,3,5,1,4,3,6,13,12
21,0,0,18,0,0,0,1,2,4,5,3,2,3,2,0,0,0,0,0,1,1,0,1,4,3,4,1,4,5,0,16,15
22,1,0,15,1,1,1,1,1,5,5,1,1,1,2,0,0,1,0,1,0,1,1,0,4,3,2,2,3,4,2,13,12
23,1,0,17,1,1,1,4,3,2,5,2,2,1,3,0,0,1,0,1,1,1,1,1,4,4,3,1,3,4,0,11,12
24,1,0,17,1,1,1,2,1,3,5,2,2,1,2,0,0,1,0,1,1,1,1,0,4,3,5,2,4,4,4,12,16
25,1,0,17,1,1,1,3,3,4,5,3,2,1,1,0,0,1,1,1,1,1,1,0,4,2,5,2,5,5,2,11,12
26,1,1,16,1,1,1,3,1,5,5,2,2,1,1,0,0,0,0,1,1,1,0,0,5,3,2,2,2,5,0,13,13
27,0,1,17,0,0,1,2,2,3,3,4,2,3,4,1,0,1,0,0,1,1,0,0,1,3,5,3,5,3,2,10,8
28,1,1,17,0,1,1,2,2,5,3,4,2,2,1,0,0,0,0,0,0,0,0,0,5,2,2,1,1,4,0,9,10
29,1,0,16,1,1,1,4,4,2,5,1,2,1,1,0,0,1,0,0,1,1,1,0,4,4,4,1,2,2,6,17,17
30,1,1,18,1,1,1,4,2,1,5,1,2,1,2,0,0,1,0,1,1,1,1,1,4,3,2,1,4,5,2,15,16
31,0,0,16,0,1,1,4,4,2,1,2,1,1,2,0,0,0,0,1,0,1,1,1,4,3,3,2,3,2,0,14,16
32,1,0,15,1,0,0,3,3,5,5,4,2,1,1,0,0,0,0,0,1,1,1,0,5,3,4,4,4,1,0,13,12
33,1,0,17,1,1,1,1,1,5,5,3,2,1,2,0,0,1,0,0,0,1,0,0,4,4,4,1,3,1,0,14,15
34,1,1,16,1,1,1,2,2,3,5,2,1,2,2,0,0,0,0,1,0,1,1,0,4,4,2,1,1,3,6,12,10
35,0,0,18,1,0,1,1,1,5,4,2,2,2,2,0,1,0,0,0,1,1,0,0,2,3,5,1,4,3,8,9,8
36,1,1,16,1,0,1,1,1,3,5,3,2,1,2,2,0,0,0,0,1,1,0,1,4,4,4,1,3,5,0,10,10
37,1,1,16,1,1,1,2,1,5,5,3,2,3,1,0,0,0,0,0,1,1,1,0,4,3,3,1,1,4,7,15,16
38,1,1,18,1,1,1,1,2,4,5,1,0,2,1,0,0,0,0,0,0,0,1,0,3,4,4,2,4,4,10,10,10
39,1,0,17,1,0,1,2,1,5,5,1,1,1,2,0,0,0,0,1,1,1,1,0,4,2,3,2,2,2,2,11,12
40,1,0,18,1,0,1,3,3,3,3,1,2,1,4,0,0,1,0,0,1,1,1,0,5,3,3,1,1,1,4,14,14
41,1,0,15,1,1,1,4,4,1,3,3,2,1,3,0,0,1,0,1,1,1,1,0,4,2,2,1,1,5,2,13,13
42,1,1,15,1,0,1,4,3,1,3,1,2,1,3,0,0,1,0,1,1,1,1,0,5,4,3,1,1,4,0,14,14
43,0,1,16,1,0,0,2,2,5,3,3,1,2,2,0,0,1,0,0,0,1,1,1,4,1,2,2,2,5,0,12,13
44,1,1,16,1,1,1,0,2,5,5,4,2,1,1,0,0,0,0,0,0,1,1,0,4,3,2,2,4,5,0,11,12
45,1,1,16,1,0,1,1,2,2,3,3,2,2,1,2,0,0,0,0,0,1,1,0,4,4,5,3,5,5,0,9,8
46,1,1,18,1,0,1,2,2,5,5,3,2,1,4,0,0,1,1,1,1,1,1,0,4,5,5,2,4,5,0,11,11
47,0,1,17,1,1,1,1,1,5,5,1,2,1,2,0,0,0,1,0,0,1,1,0,4,4,3,2,4,5,4,8,9
48,1,1,16,0,1,1,3,3,3,3,2,2,1,1,0,0,1,0,1,1,1,1,0,4,3,2,3,4,5,0,11,10
49,1,1,16,1,0,1,4,3,3,5,2,2,1,2,0,0,1,0,1,1,1,1,0,5,4,2,1,2,5,6,12,12
50,0,0,16,0,1,1,2,3,5,3,3,2,3,2,0,0,1,0,0,1,1,1,0,4,5,4,1,2,1,2,15,15
51,1,0,16,1,1,1,2,2,3,5,2,2,2,2,0,0,0,0,1,0,1,1,0,3,4,4,1,4,5,0,13,12
52,1,0,17,1,1,1,3,1,5,4,1,2,1,1,1,0,1,1,0,1,1,1,1,4,1,2,1,1,3,6,10,13
53,0,0,19,1,0,0,1,1,4,5,3,2,1,1,0,0,1,0,0,1,0,0,0,1,4,4,1,1,5,0,6,8
54,1,1,18,1,1,1,2,1,5,5,1,2,1,2,0,0,0,0,1,1,1,1,0,5,2,4,1,2,4,2,16,16
55,1,0,15,1,1,1,1,2,4,5,3,2,1,2,0,0,1,0,0,0,1,1,0,4,3,2,1,1,5,6,13,12
56,1,1,16,1,1,1,4,4,3,3,3,2,1,3,0,0,1,0,1,1,1,1,0,5,3,3,1,3,5,0,15,13
57,0,0,18,1,1,1,2,3,4,3,3,1,2,1,0,0,1,0,0,1,1,1,1,5,2,3,1,2,4,0,10,10
58,1,1,19,1,1,1,3,2,3,4,1,2,1,1,0,0,1,0,0,1,0,1,1,4,5,4,1,1,4,6,11,9
59,1,0,16,1,1,0,2,2,5,5,1,2,1,1,1,0,0,0,0,1,1,0,0,5,3,4,1,1,5,12,13,11
60,1,0,17,1,0,1,2,4,3,3,3,1,1,2,0,0,0,0,1,1,1,1,1,4,3,2,1,1,5,8,14,15
61,1,0,17,0,0,1,3,1,3,5,2,2,2,4,0,0,1,0,0,1,1,0,0,3,1,2,1,1,3,0,18,19
62,1,0,16,1,1,1,2,3,5,5,2,2,1,2,0,1,1,0,1,1,1,0,0,4,4,3,1,3,4,4,11,12
63,1,0,18,1,0,1,1,1,5,5,1,2,2,2,0,0,1,0,0,0,1,0,0,4,4,3,1,1,3,2,13,13
64,1,1,18,1,0,1,4,3,1,3,3,2,2,1,0,0,0,0,1,1,1,1,0,4,2,3,1,2,1,0,10,10
65,0,0,15,0,0,1,1,1,4,5,3,2,2,1,0,0,1,0,0,1,0,0,1,5,2,1,1,3,4,0,9,10
66,0,0,16,1,1,1,2,2,3,5,3,2,1,1,0,0,1,1,1,1,1,0,1,4,2,5,1,2,5,0,17,16
67,1,1,18,1,1,1,2,2,5,5,2,2,1,1,0,0,0,0,0,0,1,1,0,5,4,2,1,2,5,6,15,14
68,0,0,15,1,1,1,2,1,4,5,1,2,1,2,0,1,1,0,0,0,1,1,0,4,4,2,3,3,2,0,9,10
69,0,0,17,0,1,1,1,1,4,5,2,2,2,1,0,0,1,0,1,0,1,1,1,4,4,5,1,2,5,0,11,11
70,1,0,18,0,0,1,1,1,4,5,2,2,2,4,0,0,1,0,1,1,1,0,0,5,2,2,1,1,3,2,17,17
71,1,0,18,1,1,1,2,1,3,5,2,2,1,2,3,0,1,0,1,1,0,1,1,5,4,5,1,3,5,10,10,9
72,1,0,18,0,1,1,2,2,4,5,3,2,2,4,0,0,0,0,1,1,1,0,0,4,4,4,1,1,4,6,14,13
73,0,0,15,0,1,1,1,1,4,3,4,2,1,1,1,0,1,0,0,1,1,0,1,4,1,3,1,1,2,6,10,10
74,0,0,17,1,1,0,1,1,4,4,4,2,1,2,0,0,0,0,1,1,1,1,1,4,5,5,1,2,3,2,11,10
75,1,0,21,1,0,1,4,4,5,5,2,0,1,3,2,0,0,1,1,1,1,1,0,3,3,2,1,1,5,0,9,12
76,0,0,16,0,1,1,2,2,4,5,3,2,2,2,1,0,1,0,1,0,1,0,0,4,4,4,2,3,5,2,12,11
77,1,1,15,1,1,1,4,3,1,3,3,1,2,4,0,1,1,0,0,1,1,1,0,2,2,2,1,1,3,6,9,11
78,1,0,17,1,1,1,2,2,3,3,2,2,1,2,0,0,1,0,1,1,1,1,0,4,3,4,1,3,4,0,13,17
79,0,0,17,1,1,1,4,2,1,3,1,2,1,2,0,1,1,0,1,1,1,1,0,5,5,5,1,3,5,0,8,8
80,1,0,18,1,1,1,2,1,5,5,2,2,2,2,0,0,0,0,1,1,1,1,1,4,3,1,1,1,5,10,12,13
81,1,1,16,1,0,0,4,4,1,2,2,2,1,2,0,0,1,0,0,1,1,0,0,4,1,3,3,5,5,6,9,9
82,0,0,15,0,0,1,1,1,4,3,2,1,2,2,0,0,1,0,0,1,1,1,0,5,4,3,1,2,4,0,10,10
83,0,0,18,0,0,0,4,2,1,5,2,2,1,2,0,0,0,0,1,1,1,1,1,5,3,1,1,1,5,0,5,0
84,1,0,17,1,1,1,3,2,5,5,1,2,1,2,0,0,1,0,0,1,1,1,1,4,3,2,2,3,2,0,12,13
85,1,0,16,1,1,1,4,2,2,3,1,1,1,2,0,0,0,0,0,1,1,1,1,4,2,3,1,1,3,0,17,17
86,0,0,17,1,1,1,4,2,5,5,3,2,2,2,0,0,1,0,0,1,1,1,0,4,3,3,1,2,4,0,17,18
87,1,0,17,0,1,1,2,4,4,5,3,1,1,3,0,0,1,0,0,1,1,1,1,4,4,3,1,1,5,0,15,15
88,0,0,17,1,1,1,4,2,1,5,3,1,2,4,0,0,0,0,0,1,1,1,1,4,2,3,3,1,5,0,18,18
89,0,1,18,0,1,1,1,1,3,5,3,0,2,1,1,0,1,0,0,1,0,1,1,5,3,3,2,3,5,2,9,7
90,1,0,15,0,0,1,2,2,2,3,2,2,2,2,0,1,1,0,0,1,1,1,0,4,1,3,1,3,4,0,11,10
91,1,0,18,1,1,1,2,2,5,5,3,2,1,1,0,0,1,0,1,1,1,1,1,4,3,5,2,4,5,2,10,10
92,1,0,17,1,1,0,3,3,2,5,2,2,1,2,0,0,1,0,0,0,1,1,1,3,3,3,1,3,3,10,12,13
93,1,1,18,0,0,1,3,3,5,3,3,2,1,2,0,0,1,0,0,1,1,1,1,4,3,3,1,3,5,8,10,9
94,1,0,19,1,1,1,4,4,2,5,2,0,2,2,0,0,1,0,1,1,1,1,0,2,3,4,2,3,2,2,14,13
95,0,0,18,1,1,1,1,1,5,5,3,2,2,2,0,0,0,0,1,1,1,0,0,1,1,1,1,1,5,6,11,12
96,1,1,17,1,1,1,3,3,2,5,1,2,1,1,0,0,1,0,0,1,1,1,0,4,4,3,1,3,5,0,14,15
97,0,0,17,1,1,0,1,0,5,5,4,2,2,2,0,0,0,0,0,1,1,1,1,4,4,5,1,1,4,1,11,9
98,1,0,15,1,0,0,3,4,5,5,1,2,1,2,0,1,0,0,1,1,1,1,1,5,3,2,1,1,1,0,10,11
99,1,0,15,1,1,1,4,2,5,5,2,2,1,3,0,0,1,0,1,1,1,1,0,5,3,3,1,3,1,4,15,15
100,0,1,19,0,1,1,1,1,5,3,1,0,3,2,1,0,0,0,0,1,1,1,0,5,4,4,3,3,2,8,10,9
101,1,0,16,1,1,1,2,1,5,5,3,2,1,2,0,0,1,0,0,1,1,0,1,4,3,5,1,1,5,0,13,12
102,0,0,16,1,1,1,4,4,2,2,3,2,1,2,0,0,1,0,0,1,1,1,1,4,3,4,1,2,3,4,8,8
103,1,1,17,0,1,1,2,1,5,5,3,2,1,1,0,0,0,0,0,0,1,1,0,4,4,2,2,4,5,0,12,12
104,1,0,17,1,1,1,4,4,1,3,3,2,1,3,0,0,1,0,1,1,1,1,0,5,4,4,1,3,4,0,13,12
105,0,0,18,0,1,1,4,4,5,1,4,1,3,2,0,0,1,0,0,0,1,1,1,3,2,2,4,2,5,0,7,5
106,1,1,16,1,0,1,1,1,5,5,1,2,2,2,0,0,1,0,0,1,1,1,0,3,4,2,1,1,5,2,9,9
107,1,0,17,1,1,1,1,1,4,3,3,2,1,2,0,0,0,0,1,1,1,1,0,5,3,3,1,1,3,0,12,11
108,1,0,17,0,1,1,4,3,1,5,2,2,2,3,0,0,1,0,1,1,1,1,1,4,4,2,1,1,4,0,11,12
109,1,0,15,0,1,1,2,4,3,2,3,2,1,3,0,1,1,0,1,1,1,1,0,4,3,2,1,1,5,2,10,11
110,1,1,15,1,1,1,3,4,3,3,1,1,1,1,0,1,0,0,0,1,1,1,0,5,5,5,3,2,5,2,9,9
111,1,0,16,1,0,1,2,2,5,4,3,1,2,2,1,1,0,0,1,1,1,1,0,4,3,3,2,2,5,14,10,11
112,1,1,15,1,0,1,1,2,5,5,3,2,2,1,0,0,0,0,1,1,1,0,0,4,4,4,2,4,5,2,8,9
113,0,0,18,1,1,1,1,1,4,3,3,2,3,2,1,0,0,0,0,1,0,0,0,4,4,2,1,2,2,2,9,10
114,0,0,18,1,1,1,1,2,4,4,3,1,2,2,0,0,1,0,0,1,0,0,0,4,1,1,1,1,4,0,11,11
115,0,1,20,0,1,1,1,1,5,5,3,0,2,1,1,0,1,0,0,1,0,1,1,4,4,3,2,4,4,12,8,11
116,1,0,17,1,1,1,2,2,5,3,2,1,3,3,0,0,1,0,0,1,1,1,1,4,2,3,1,1,1,8,13,15
117,0,1,17,1,1,1,3,4,3,5,4,2,1,2,1,0,1,0,1,0,1,1,1,5,4,4,3,4,5,8,8,9
118,1,1,17,1,0,0,4,4,2,5,2,2,1,3,0,0,1,0,0,1,1,1,0,4,4,2,1,2,4,2,12,15
119,0,1,17,1,1,1,3,3,2,5,3,2,2,2,1,0,1,0,0,1,1,1,0,4,5,4,2,3,3,4,8,9
120,1,0,17,1,1,1,4,3,5,5,2,2,1,2,0,0,0,0,0,1,1,1,1,3,4,5,2,4,1,16,11,9
121,1,1,17,0,1,1,2,2,5,5,3,1,2,2,0,0,1,0,1,1,1,1,0,4,5,2,1,1,1,0,12,13
122,1,0,18,1,1,0,3,2,5,3,3,0,1,3,0,0,1,0,1,0,1,1,1,4,3,3,5,1,5,10,12,11
123,0,0,15,0,1,1,1,1,4,5,1,1,2,2,0,0,1,0,1,1,1,1,0,4,3,3,1,1,2,1,11,10
124,1,0,18,1,0,0,2,2,3,5,2,2,2,2,0,0,1,0,0,1,1,1,0,4,1,4,1,3,4,10,14,17
125,1,1,18,1,1,1,4,3,1,5,3,2,1,3,0,0,1,0,0,1,1,1,1,5,4,5,2,3,5,0,14,13
126,1,0,17,0,1,1,4,2,5,5,3,2,1,3,0,0,1,0,1,1,1,1,0,4,3,4,1,3,5,2,11,12
127,0,0,19,0,1,0,1,1,4,4,3,0,2,2,3,0,1,0,1,1,0,0,1,3,5,4,1,4,1,0,8,0
128,1,1,16,1,1,1,3,2,5,5,1,2,1,1,0,0,1,0,0,0,1,1,0,5,4,3,1,1,5,4,12,12
129,1,1,15,1,1,1,4,2,5,5,3,2,1,4,0,0,0,0,0,1,1,1,0,3,3,3,1,1,3,0,11,9
130,1,0,17,1,1,1,2,2,5,5,3,2,1,2,0,0,1,0,0,1,1,0,1,4,2,2,1,1,3,4,14,13
131,1,1,16,1,1,1,4,4,3,3,4,2,1,1,0,1,1,0,1,1,1,1,0,4,5,5,5,5,4,12,9,9
132,0,0,17,1,1,1,4,3,1,5,4,2,2,2,0,0,0,0,0,1,1,1,0,5,5,4,1,1,1,0,6,9
133,0,0,19,1,1,1,1,1,5,5,3,0,2,2,1,0,1,0,0,1,1,1,1,1,1,4,4,1,1,12,7,8
134,1,1,15,1,1,1,4,4,2,3,1,2,1,2,0,0,1,1,0,0,1,1,0,5,4,2,3,4,5,0,10,11
135,1,0,18,1,1,1,2,3,5,3,2,1,1,4,0,0,1,0,1,1,1,1,1,4,5,5,1,3,2,10,16,16
136,0,0,16,1,1,1,1,3,4,5,4,1,2,1,0,0,1,0,0,1,0,1,1,4,3,3,1,3,5,11,10,11
137,0,0,16,0,1,1,1,1,5,5,1,1,4,4,0,0,1,0,0,0,1,1,0,4,3,2,1,1,1,0,13,10
138,1,0,15,0,1,1,1,1,4,5,1,2,2,4,0,1,1,1,1,1,1,1,0,3,1,2,1,1,1,4,13,13
139,1,0,16,1,1,1,1,1,3,3,3,1,4,1,0,1,1,0,1,0,1,1,1,5,5,5,5,5,5,0,10,10
140,0,0,18,1,1,1,3,3,5,5,1,2,1,2,0,0,0,0,0,1,1,1,1,4,1,3,1,2,1,1,16,16
141,1,0,17,0,1,0,3,2,5,5,1,2,1,2,0,0,1,0,0,1,1,1,0,4,3,3,2,3,2,0,14,14
142,1,0,17,1,1,1,2,2,4,4,3,2,1,3,0,0,1,0,1,1,1,1,0,4,3,3,1,1,4,0,12,12
143,1,0,16,1,1,1,4,4,2,2,2,2,1,2,0,0,1,0,0,1,1,1,1,4,4,2,1,1,3,0,16,16
144,1,0,18,0,1,0,3,2,5,3,1,2,2,2,0,0,0,0,0,0,0,1,1,4,1,1,1,1,5,15,12,9
145,1,0,17,0,1,1,2,2,5,5,2,2,1,1,0,0,1,0,0,1,1,1,0,5,3,2,1,2,3,21,13,13
146,0,1,16,0,1,1,2,2,3,3,3,2,2,1,0,0,1,0,1,1,1,1,1,5,4,3,2,4,4,6,7,8
147,1,1,16,0,1,0,4,4,5,1,2,2,2,3,0,0,1,0,1,1,1,1,1,2,4,3,1,1,5,4,13,13
148,1,0,15,1,1,1,4,3,3,5,2,2,1,1,0,0,0,0,1,1,1,1,0,4,5,5,1,3,1,6,14,13
149,0,0,16,0,0,1,1,1,4,5,3,1,3,2,0,0,1,0,0,1,1,0,0,5,3,2,1,1,1,0,16,17
150,0,0,17,1,0,1,1,2,4,5,3,1,1,1,0,0,0,0,0,1,1,1,0,5,5,1,1,1,3,0,7,10
151,1,1,16,0,1,1,4,3,3,5,2,2,2,1,0,1,1,1,1,0,1,1,0,3,3,3,1,1,4,6,9,11
152,1,1,18,1,1,1,2,2,5,5,1,2,2,2,3,0,1,1,0,1,1,1,0,3,3,3,5,5,4,9,10,9
153,1,0,18,1,0,1,1,1,5,4,1,2,1,3,0,0,1,0,0,0,1,0,0,4,4,3,2,3,3,4,11,12
154,1,0,15,1,1,1,1,2,4,3,3,1,1,2,0,0,0,0,0,0,1,0,1,2,3,4,2,4,1,6,11,11
155,1,1,15,1,0,1,2,2,3,3,1,2,2,2,0,0,0,1,1,1,1,1,0,5,3,3,1,3,4,2,13,12
156,1,0,17,1,0,1,4,2,1,3,2,2,1,4,0,0,1,0,1,1,1,1,0,4,2,3,1,1,4,2,14,15
157,0,0,17,0,1,1,0,0,4,5,3,2,2,1,0,0,1,0,0,1,1,1,0,4,4,3,1,1,5,0,10,11
158,0,1,17,0,0,1,1,2,4,3,2,2,1,1,0,0,1,0,1,1,1,1,0,5,5,5,5,5,3,4,10,11
159,0,0,16,0,1,1,2,3,4,3,3,2,2,2,0,0,0,0,0,1,1,0,0,4,5,2,1,2,5,0,16,17
160,1,0,16,1,1,1,1,3,4,3,1,2,1,2,0,0,0,0,1,0,1,1,1,4,3,5,1,1,3,0,14,13
161,0,1,16,1,0,1,2,1,4,3,3,2,2,1,0,0,1,0,1,1,1,1,0,2,4,3,2,3,4,4,10,8
162,1,0,19,1,0,0,1,1,5,5,3,0,3,2,2,0,1,0,0,0,1,1,1,5,3,4,1,1,4,2,8,8
163,0,1,17,0,1,1,1,1,5,3,3,2,2,1,0,0,1,0,1,0,1,1,1,4,5,5,1,3,2,0,10,9
164,1,1,18,1,0,1,2,2,3,3,2,2,1,2,0,0,1,0,1,0,0,1,0,4,4,4,1,3,3,11,9,11
165,0,0,16,0,0,1,2,2,5,5,1,1,3,1,0,0,1,0,1,1,1,0,1,4,3,2,1,1,4,0,14,14
166,1,0,15,0,1,1,3,4,3,1,3,1,2,3,0,0,1,0,0,1,1,1,1,4,2,2,2,2,5,0,10,11
167,1,1,18,1,1,1,3,2,3,5,3,2,2,1,0,0,0,0,0,1,0,1,0,4,4,5,2,4,5,8,7,8
168,1,0,16,1,1,0,3,3,5,5,3,0,2,1,0,0,1,0,1,0,1,1,1,4,3,2,1,1,5,4,9,9
169,0,1,17,1,0,1,3,1,3,3,3,2,2,1,0,0,0,0,0,0,1,1,0,2,4,5,3,4,2,6,10,10
170,0,0,17,0,1,1,1,1,4,4,3,1,2,1,0,0,1,0,1,1,0,1,1,3,5,5,2,2,4,3,10,11
171,1,1,19,0,0,1,2,1,4,3,3,2,2,3,1,0,0,0,1,1,1,1,1,4,3,1,1,1,5,0,9,10
172,1,1,15,0,1,1,4,3,1,4,3,2,1,2,0,0,1,0,1,1,1,1,1,4,5,2,1,1,5,0,13,14
173,1,1,18,1,1,1,2,1,3,3,4,2,1,1,2,0,0,0,0,0,0,1,0,3,2,5,2,5,5,4,7,8
174,1,0,16,1,0,1,1,2,5,3,2,1,1,2,0,1,0,0,1,1,1,1,0,4,4,3,1,1,1,0,13,13
175,0,0,17,0,1,1,3,2,4,5,3,1,1,2,1,0,0,0,0,1,1,0,1,4,5,4,1,2,5,0,10,10
176,1,0,18,1,1,1,2,1,3,5,3,2,2,2,0,0,1,0,1,1,1,1,0,5,3,3,1,2,1,2,12,12
177,1,0,17,1,0,1,2,2,5,5,3,1,1,1,0,0,1,0,0,1,1,1,1,3,4,4,1,3,5,2,13,12
178,1,1,16,1,1,1,4,3,2,3,2,2,1,4,0,0,0,0,1,1,1,1,0,4,2,2,1,1,2,2,17,17
179,1,0,16,1,0,1,2,2,4,5,3,2,1,2,0,0,1,0,0,1,1,0,0,4,3,4,1,2,2,6,13,11
180,1,1,15,1,1,1,2,2,3,3,1,1,1,4,0,0,1,0,1,1,1,1,0,5,5,4,1,2,5,6,14,13
181,0,1,16,1,1,1,4,4,5,1,3,1,1,2,0,0,1,0,1,1,1,0,1,4,3,1,1,1,3,0,13,12
182,1,1,17,0,1,1,2,2,3,5,3,2,4,1,0,0,1,0,0,1,1,1,0,4,4,5,5,5,4,2,11,10
183,0,1,17,0,1,1,2,1,5,5,4,2,3,1,0,0,0,0,1,1,0,0,1,5,5,5,5,5,3,8,8,10
184,0,1,17,0,1,1,4,4,2,5,3,1,3,1,3,0,0,0,1,1,1,1,1,3,3,3,1,3,5,2,9,9
185,0,0,15,0,0,1,1,1,5,3,3,2,2,1,1,0,1,0,0,1,1,1,1,4,4,3,1,2,2,4,6,7
186,0,1,18,1,0,1,4,4,1,3,4,2,2,3,0,0,0,0,0,1,1,1,1,4,2,2,2,2,5,0,15,16
187,0,0,18,1,1,1,1,1,5,5,3,2,3,2,2,0,0,0,1,1,1,0,1,3,4,4,2,2,5,3,7,8
188,0,1,18,0,1,1,4,4,4,3,4,2,3,1,0,0,1,1,1,1,1,1,1,2,5,5,1,1,1,5,12,13
189,0,0,15,0,0,1,2,1,4,5,1,2,2,1,0,0,0,0,0,1,0,0,0,1,3,4,1,1,1,0,6,8
190,1,1,16,1,1,1,2,3,5,5,1,1,2,1,0,0,0,0,0,1,1,1,0,5,3,3,1,1,3,0,13,12
191,0,0,15,0,1,1,3,3,3,5,2,2,1,2,0,0,1,0,0,1,1,1,1,4,5,4,1,1,1,4,13,12
192,0,0,17,0,1,1,2,2,5,5,4,2,2,2,0,1,0,1,0,1,1,0,0,5,1,3,1,1,5,0,11,9
193,1,0,15,1,1,1,4,4,3,3,3,2,1,1,0,1,1,0,0,1,1,1,0,3,3,4,2,3,5,0,13,12
194,1,0,17,1,0,1,3,3,5,5,2,2,1,2,0,0,1,0,1,1,1,1,1,5,3,3,2,3,1,32,14,13
195,1,1,17,0,1,1,1,2,4,5,1,2,1,2,0,0,0,0,0,1,1,0,0,3,1,3,1,5,3,6,9,9
196,1,0,18,0,1,1,2,1,5,5,2,2,2,2,0,0,1,0,0,1,0,1,1,4,3,5,1,2,3,12,8,9
197,0,1,15,1,1,1,3,3,3,3,3,1,2,1,0,0,1,0,1,0,1,1,0,4,3,3,2,4,3,11,12,10
198,0,1,15,1,0,1,3,3,4,4,2,1,1,2,0,0,1,0,1,1,1,1,0,5,3,3,1,1,5,0,11,11
199,0,1,18,1,1,1,3,3,4,4,3,2,1,2,2,0,1,0,1,1,0,1,0,4,4,5,1,3,3,9,4,8
200,1,0,20,0,1,1,1,1,5,5,2,0,2,3,0,0,0,0,0,1,1,1,1,3,2,2,1,3,3,8,11,15
201,0,0,16,1,1,1,3,3,5,5,2,2,1,1,0,0,0,0,1,1,0,1,1,4,5,4,1,1,4,0,14,13
202,1,1,16,1,1,1,4,4,2,5,2,1,1,2,0,0,1,0,1,1,1,1,0,4,2,4,2,4,1,0,13,13
203,1,0,16,1,1,0,2,1,5,5,4,2,1,2,0,0,0,0,1,1,1,1,1,5,3,4,1,1,2,2,12,13
204,1,0,17,1,1,1,3,4,4,3,1,2,1,3,1,0,1,1,0,1,1,1,1,4,4,3,3,4,5,14,8,9
205,0,0,18,1,0,0,1,2,4,5,2,2,2,2,0,0,0,0,0,1,1,1,0,4,4,3,1,2,4,0,12,13
206,0,1,18,0,1,1,4,2,5,5,1,1,2,1,1,0,0,1,0,1,1,0,0,5,4,3,4,3,3,0,7,7
207,1,1,17,1,1,1,3,3,5,3,2,2,1,1,0,0,0,0,1,0,1,1,0,4,3,5,3,5,5,0,17,18
208,0,0,18,1,0,0,1,1,4,3,3,2,1,2,0,0,0,0,0,1,1,0,1,5,2,3,1,2,3,2,8,10
209,0,0,17,0,1,1,4,4,1,3,4,1,2,2,0,0,1,1,1,1,1,1,0,4,3,3,1,2,5,2,12,12
210,1,0,18,1,1,1,4,3,3,5,1,1,1,2,0,0,1,0,0,1,1,1,1,3,1,2,1,3,2,2,15,15
211,0,1,19,0,1,1,1,1,5,3,4,2,2,1,1,0,0,0,0,1,1,0,0,4,3,2,1,3,5,0,5,8
212,1,1,15,1,0,0,2,1,3,5,3,2,4,1,0,0,0,0,0,1,1,1,0,4,5,5,2,5,5,0,12,11
213,1,0,17,0,0,1,4,4,3,5,4,2,1,1,0,0,1,0,0,1,1,0,0,5,2,1,1,2,3,6,12,11
214,0,0,18,1,0,1,2,2,3,3,3,1,2,3,0,0,0,0,0,1,1,1,1,5,4,5,1,4,3,0,11,12
215,0,1,15,0,0,1,4,1,2,3,2,1,1,2,0,0,1,0,1,1,1,1,0,5,3,4,1,2,2,0,12,13
216,0,1,17,0,1,1,1,1,5,3,4,1,3,1,0,0,0,0,0,0,0,0,0,4,2,3,3,4,4,4,12,13
217,1,1,17,1,0,0,4,1,3,5,1,2,2,1,0,0,0,0,1,1,1,1,1,4,5,4,2,4,5,22,11,11
218,1,0,17,1,1,1,2,4,4,2,2,2,2,2,0,0,1,0,0,1,1,1,1,4,3,3,1,1,1,6,15,16
219,1,1,15,1,1,1,4,2,1,5,1,2,1,2,0,0,1,0,0,1,1,0,0,4,3,3,2,2,5,4,11,12
220,1,1,16,1,1,1,4,4,2,5,3,2,1,1,0,0,1,0,1,1,1,1,0,3,4,4,1,4,5,4,12,13
221,0,1,18,1,0,1,1,3,4,3,3,2,1,1,0,0,0,0,0,1,0,1,1,4,3,3,2,3,3,0,9,10
222,0,0,15,0,0,1,2,2,5,5,4,1,1,3,0,1,1,0,0,1,1,0,0,4,4,3,2,2,5,2,14,11
223,1,1,15,1,0,1,4,2,1,5,3,2,1,1,0,0,0,0,0,1,1,1,0,3,5,2,1,1,3,10,18,17
224,1,0,18,1,1,1,3,2,5,3,4,2,1,3,0,0,0,0,0,1,1,1,1,5,4,3,2,3,1,4,14,16
225,1,0,20,1,1,1,1,0,5,5,2,2,2,1,1,1,0,0,0,1,1,1,1,5,3,1,1,1,5,5,8,10
226,0,1,15,1,1,1,2,2,2,5,2,2,3,1,0,0,0,0,0,1,1,0,0,4,3,3,1,2,4,1,13,12
227,0,1,17,0,1,1,2,2,5,5,3,2,3,1,1,0,1,0,0,0,1,1,0,4,4,5,1,2,5,0,10,9
228,0,0,18,1,1,0,2,4,5,3,2,1,1,2,1,0,1,0,0,1,1,1,0,2,3,2,1,3,1,8,8,5
229,0,1,17,1,1,1,3,2,5,5,4,1,2,2,0,0,1,1,0,1,1,1,0,4,1,2,2,2,1,0,13,14
230,1,0,15,1,1,1,4,2,2,3,1,2,1,3,0,0,1,0,1,1,1,1,1,3,2,2,1,1,5,0,14,14
231,1,0,16,1,1,0,3,1,3,5,3,2,1,2,0,0,1,0,0,1,1,1,0,2,3,3,2,2,4,2,11,11
232,0,0,16,1,1,1,2,2,5,3,3,1,1,1,1,0,1,1,1,0,1,1,0,4,4,3,1,4,3,1,9,10
233,1,0,18,1,0,1,2,2,4,3,3,2,1,2,1,0,1,0,0,0,1,1,1,5,3,1,1,1,5,16,9,8
234,1,1,15,1,1,1,3,4,5,5,2,1,1,1,0,0,0,0,0,1,1,1,0,3,4,3,1,2,4,2,14,13
235,0,0,18,0,1,1,2,2,4,5,4,2,2,3,0,0,0,0,0,1,1,0,0,5,3,3,1,3,4,0,14,17
236,1,0,16,1,0,1,3,1,5,5,1,1,1,2,0,1,1,0,0,1,1,0,0,3,3,3,2,3,2,0,12,13
237,1,0,18,1,0,1,2,2,5,5,1,0,1,2,0,0,0,0,1,0,1,1,1,4,3,3,1,1,2,0,10,9
238,1,0,18,1,1,1,1,1,5,5,1,2,2,2,0,1,0,0,1,1,1,1,0,5,4,4,1,1,4,0,12,13
239,1,1,15,1,1,0,4,4,5,3,2,2,1,4,0,0,1,0,1,0,1,1,1,1,3,3,5,5,3,0,11,12
240,1,1,17,1,0,0,3,2,5,5,2,2,1,2,0,0,1,0,0,1,1,1,0,4,4,4,1,2,5,10,16,18
241,1,1,16,0,0,1,3,3,1,5,1,1,3,1,0,0,1,0,1,1,1,1,0,3,3,4,3,5,3,16,10,11
242,0,0,18,1,1,1,1,2,5,5,3,1,1,2,1,0,1,0,1,1,1,1,1,3,4,4,2,3,5,9,9,8
243,1,1,17,1,1,1,3,2,3,3,3,2,2,1,3,0,1,0,1,0,0,0,0,4,5,2,1,1,2,10,8,7
244,1,1,18,1,0,1,4,4,5,5,2,1,1,1,0,0,1,0,0,1,1,1,0,4,2,5,3,4,5,2,8,9
245,1,0,16,1,1,1,4,4,5,5,2,2,1,1,0,0,0,0,1,0,1,1,0,5,3,4,1,2,1,4,12,13
246,1,1,18,1,0,1,2,1,3,5,3,2,3,2,1,0,0,0,1,0,0,1,0,4,4,5,4,4,5,4,11,10
247,1,0,18,1,0,0,2,1,5,5,3,2,1,2,0,0,1,0,0,0,1,1,1,4,3,4,1,3,5,2,12,12
248,1,0,16,1,1,1,3,3,5,5,2,2,3,2,0,1,1,0,1,1,1,0,0,5,3,2,1,1,4,2,13,14
249,1,0,15,1,1,1,4,4,3,3,2,1,2,2,0,0,0,0,0,1,1,1,1,4,4,4,2,3,5,4,12,11
250,1,1,16,1,1,1,3,3,5,3,1,1,2,1,0,0,0,0,1,1,1,1,0,5,4,2,1,1,5,6,14,14
251,1,0,15,1,1,1,2,1,3,5,2,1,3,3,0,0,1,0,1,1,1,1,0,5,2,2,1,1,4,0,10,12
252,1,0,15,1,1,0,3,3,5,2,2,1,1,4,0,1,0,0,0,1,1,0,0,4,3,3,1,1,4,10,10,10
253,1,1,15,1,1,1,4,4,3,5,3,2,1,1,0,0,1,1,1,0,1,1,0,5,3,3,1,1,5,2,12,13
254,1,1,16,1,1,1,4,4,1,1,1,2,1,2,0,0,1,1,1,1,1,1,1,4,4,5,5,5,5,4,12,11
255,1,0,15,1,1,0,3,3,3,3,1,2,1,2,0,0,0,0,0,0,1,0,1,1,3,2,2,3,1,24,9,8
256,1,0,18,1,0,1,4,3,5,5,1,0,2,2,0,0,1,0,0,1,1,1,1,4,4,5,1,2,2,0,13,14
257,1,0,18,1,1,1,4,3,5,5,2,1,1,4,0,0,1,0,0,1,1,1,0,4,3,3,1,1,3,0,16,17
258,1,0,17,1,1,1,2,3,5,5,3,1,2,2,0,0,0,0,1,1,1,1,1,4,2,1,1,1,3,2,11,12
259,0,1,16,0,1,1,1,2,5,5,3,1,2,2,0,0,0,0,0,1,1,0,0,4,3,3,1,1,5,0,10,11
260,0,0,17,0,1,1,1,1,5,3,2,2,3,1,1,0,1,0,0,1,1,1,1,5,2,1,1,2,1,0,8,8
261,1,0,16,1,1,1,2,2,5,5,1,2,1,2,0,0,1,0,0,0,1,1,0,5,1,5,1,1,4,0,12,12
262,1,0,19,1,1,1,3,3,5,5,2,0,1,4,0,0,1,0,1,1,1,1,0,4,3,3,1,2,3,4,12,12
263,1,1,16,1,1,1,3,3,3,5,1,1,1,3,0,0,1,0,1,1,1,1,0,5,3,3,1,1,5,4,13,14
264,1,0,17,1,1,1,3,3,5,5,1,2,1,3,0,0,0,0,1,0,1,0,0,3,2,3,1,1,4,2,15,12
265,1,0,16,1,1,1,3,3,5,5,1,1,1,2,0,0,1,0,0,1,1,0,0,4,3,2,1,2,5,0,11,13
266,1,1,15,0,1,1,4,4,5,5,1,1,4,4,0,0,1,0,1,1,1,1,1,1,3,5,3,5,1,8,12,10
267,0,0,16,0,0,1,2,1,5,5,1,2,1,1,0,0,1,0,0,1,1,1,1,5,4,3,1,1,5,2,10,8
268,1,1,17,0,1,1,3,2,5,5,3,2,2,2,2,1,1,0,0,1,1,1,1,4,4,4,1,4,3,4,7,6
269,1,1,16,1,0,0,3,4,3,5,1,2,1,2,0,1,1,1,1,1,1,1,0,5,3,3,1,1,5,2,12,12
270,1,1,16,1,1,1,3,3,5,3,3,1,1,2,1,0,1,0,0,1,1,1,1,4,5,5,4,4,5,0,10,10
271,0,1,15,0,1,1,1,2,5,3,3,2,3,2,0,0,1,0,1,1,1,0,0,5,5,5,1,3,5,11,9,11
272,0,0,15,0,1,1,1,2,5,3,3,2,2,1,0,0,0,0,0,1,1,0,0,5,1,2,1,1,1,3,11,13
273,1,1,18,0,1,1,4,3,1,3,3,2,1,3,0,0,0,0,0,1,1,1,1,5,3,2,1,2,4,4,15,14
274,1,1,16,1,0,1,4,3,1,5,3,2,1,1,0,0,0,0,1,0,1,1,0,5,4,5,1,1,3,7,14,14
275,1,1,17,0,0,1,1,2,5,5,2,2,1,1,3,0,0,0,0,1,1,0,0,2,2,2,3,3,5,14,9,8
276,1,1,18,1,0,0,3,4,5,5,2,0,1,2,0,0,0,0,1,1,1,1,1,4,3,5,1,4,2,9,13,14
277,1,0,17,1,0,0,3,3,3,5,1,2,1,2,0,1,1,0,0,1,1,1,0,5,3,3,1,1,5,0,12,12
278,1,0,18,1,1,1,2,2,4,5,3,2,4,2,0,0,0,0,1,1,1,0,1,4,2,5,1,1,2,2,10,9
279,0,0,16,0,1,1,2,2,5,5,3,1,3,2,0,0,1,0,0,1,0,1,0,3,4,5,1,2,1,1,9,10
280,1,0,18,1,1,1,3,3,3,3,1,2,1,2,0,0,0,0,1,1,1,1,0,5,3,4,1,1,4,8,10,11
281,1,0,18,0,1,1,3,1,5,5,2,2,1,2,0,0,0,0,1,1,1,1,1,5,3,3,1,1,4,4,8,8
282,1,0,16,1,1,1,4,4,1,3,1,2,1,3,0,0,1,0,1,0,1,1,0,5,3,2,1,1,5,4,15,16
283,1,0,16,1,1,1,4,2,3,5,3,2,1,2,0,0,1,1,0,1,1,1,0,4,2,3,1,1,5,2,16,15
284,1,0,18,1,0,1,4,3,2,3,3,2,2,1,0,0,1,0,0,1,1,1,0,3,2,4,1,4,1,8,12,12
285,0,0,16,1,1,1,2,1,5,3,3,2,1,2,0,0,1,0,1,1,1,1,0,5,3,3,1,1,1,0,14,13
286,0,0,17,0,1,1,2,1,4,5,3,2,3,1,0,0,1,0,1,1,0,0,1,5,5,3,1,1,3,2,9,10
287,1,0,15,1,1,1,2,2,5,5,3,2,1,4,0,1,1,0,0,1,1,1,0,5,1,2,1,1,3,4,10,10
288,1,0,17,1,1,1,1,1,4,5,3,1,1,2,0,0,1,0,0,0,1,1,0,5,3,3,1,1,3,2,9,11
289,0,1,15,1,1,1,3,1,5,3,1,2,2,1,0,0,1,0,0,1,1,0,0,3,2,3,1,3,4,0,10,9
290,1,0,17,1,1,1,1,1,3,1,2,2,1,3,0,0,1,0,0,1,1,1,0,4,3,3,1,1,3,0,13,13
291,0,0,17,1,1,1,1,1,5,4,3,2,1,1,0,0,1,0,1,1,1,0,0,4,3,2,1,2,5,9,7,9
292,0,0,15,0,1,1,3,3,5,3,3,1,2,1,0,0,0,0,0,0,1,1,0,4,1,3,1,1,4,0,14,16
293,1,0,18,1,0,0,4,4,2,5,1,2,1,2,0,0,1,1,0,1,1,1,1,4,2,4,1,1,4,0,14,15
294,1,0,16,1,0,1,3,3,5,5,2,2,2,2,0,0,1,0,1,1,1,1,0,4,4,5,1,1,4,0,14,14
295,0,0,18,0,0,1,4,4,5,5,2,2,2,3,0,0,0,0,0,1,1,1,0,5,4,4,1,1,1,0,15,17
296,1,1,15,1,1,1,4,2,2,3,4,2,1,1,0,0,0,0,0,1,1,1,0,2,2,4,2,4,1,0,11,11
297,1,0,18,0,1,1,2,2,5,5,1,2,1,2,0,1,0,0,0,1,1,0,0,3,2,3,1,1,5,4,11,11
298,1,1,16,1,0,1,4,2,1,5,3,2,1,2,0,0,0,0,1,1,1,1,0,4,5,1,1,3,5,0,12,13
299,0,1,18,0,1,1,2,1,5,5,4,2,2,1,0,0,0,0,1,0,1,1,1,4,4,3,1,3,5,0,7,7
300,1,0,15,1,1,1,1,1,4,5,3,2,3,1,0,0,1,0,1,0,1,1,1,4,3,3,1,2,4,6,11,12
301,1,1,17,1,1,1,2,3,5,5,3,1,2,1,0,0,0,0,0,1,1,1,0,5,2,2,1,1,2,2,9,12
302,0,0,17,0,0,0,3,1,5,4,3,0,2,3,0,0,1,1,0,1,0,0,0,4,2,3,2,2,3,5,8,7
303,1,0,17,1,1,1,4,4,1,1,3,2,2,3,0,0,1,0,0,0,1,1,1,4,3,3,1,2,4,4,15,14
304,0,1,16,0,1,1,3,4,5,2,4,2,3,2,0,0,0,0,0,0,1,0,0,3,4,5,1,2,5,4,9,10
305,1,1,17,0,1,1,1,3,5,5,3,1,3,2,1,0,1,0,1,1,1,1,0,5,2,4,1,4,5,14,12,11
306,1,0,17,1,1,1,3,2,5,5,3,1,1,2,0,0,0,0,1,1,1,0,0,5,4,2,1,1,3,4,14,14
307,0,1,15,1,0,0,2,2,5,5,2,2,3,4,0,0,1,0,1,1,1,0,0,5,4,5,2,3,5,8,13,14
308,1,1,15,1,1,1,4,4,2,2,4,1,1,1,0,0,1,1,0,1,1,1,0,5,4,2,1,1,5,0,11,12
309,1,0,16,1,1,1,2,3,3,3,3,2,1,2,0,0,0,0,0,1,1,1,0,4,3,3,1,1,2,6,12,12
310,0,1,18,0,0,1,3,2,3,5,3,2,3,1,0,0,0,0,0,0,1,1,0,4,4,1,3,4,5,4,10,11
311,1,0,16,1,0,1,4,4,1,1,2,2,1,2,0,0,1,0,0,1,1,1,0,4,5,2,1,2,3,0,11,10
312,1,0,18,1,1,1,3,2,3,5,1,2,1,2,0,0,1,0,1,0,1,1,1,3,1,2,1,2,1,4,10,13
313,1,0,18,1,1,1,1,4,5,1,1,2,1,2,0,1,1,0,0,0,1,0,1,3,4,4,1,2,5,2,10,10
314,1,0,17,0,0,1,1,1,4,5,3,2,2,3,0,0,0,0,1,1,1,1,0,4,3,3,1,3,5,4,15,14
315,1,0,16,1,1,1,4,4,3,3,2,2,1,3,0,0,1,0,1,1,1,1,0,3,2,3,1,2,2,10,13,13
316,1,0,15,0,1,1,1,1,5,5,2,2,1,2,0,1,1,0,0,0,1,1,1,3,3,4,2,4,5,2,13,11
317,1,0,18,1,1,1,4,4,1,5,3,2,1,2,0,0,1,0,0,1,1,1,0,4,4,4,3,3,5,0,12,11
318,1,0,17,1,1,1,1,1,5,3,3,1,1,2,0,0,1,0,0,1,1,0,0,4,3,4,1,2,5,4,11,10
319,0,1,16,1,0,1,4,3,5,5,3,1,1,1,0,0,0,0,1,1,1,1,0,4,2,5,1,5,5,8,14,12
320,0,0,16,0,1,1,1,1,4,5,3,1,2,2,3,1,1,0,0,1,1,0,0,3,4,3,1,1,1,0,7,7
321,1,1,17,0,0,0,4,4,1,5,3,2,2,2,0,0,1,0,0,1,1,1,0,3,3,3,2,3,4,0,12,12
322,1,1,15,1,1,1,4,4,3,1,3,1,1,2,0,0,1,0,1,1,1,1,0,4,3,3,1,1,5,0,14,15
323,1,0,17,0,1,1,2,1,4,3,2,2,2,2,0,0,1,0,1,1,1,1,0,4,2,5,1,2,5,0,11,10
324,1,1,15,1,0,1,1,2,5,4,1,1,1,2,0,1,1,0,1,1,1,1,0,4,3,2,1,1,5,0,14,13
325,0,1,18,0,0,1,1,2,4,3,4,1,3,1,0,0,1,0,1,1,0,1,1,4,3,3,2,3,3,3,9,10
326,1,0,15,1,1,1,1,1,5,3,3,1,1,2,0,0,1,0,0,1,1,1,0,4,4,2,1,2,5,0,12,12
327,0,0,15,0,1,1,3,3,4,5,3,2,2,1,0,0,1,0,0,1,1,1,0,5,4,4,2,3,5,4,10,10
328,0,1,17,1,1,1,2,2,5,5,3,2,1,1,1,0,0,0,1,1,1,0,1,1,2,1,2,3,5,0,7,0
329,0,0,17,0,1,1,1,2,5,5,3,2,1,1,0,0,0,0,1,1,1,1,0,3,5,5,1,3,1,4,7,8
330,1,0,17,1,0,1,2,2,3,3,3,1,1,4,0,0,0,0,1,1,1,1,1,3,4,1,1,1,2,2,10,11
331,1,1,16,1,0,1,2,1,4,5,3,2,1,1,1,0,0,0,1,1,1,0,1,4,4,4,3,5,5,6,9,10
332,1,0,17,1,1,1,3,4,3,5,3,2,1,3,0,0,0,0,0,1,1,1,0,4,4,5,1,3,5,8,11,13
333,1,0,15,1,1,1,2,3,5,5,4,1,2,1,0,0,1,0,1,1,1,0,0,3,5,1,1,1,5,4,11,11
334,1,0,17,1,1,1,4,4,1,3,3,2,1,2,0,0,1,1,0,1,1,1,1,5,3,1,1,4,5,2,11,11
335,0,0,16,0,0,1,2,2,5,3,3,1,1,2,0,0,0,0,1,1,1,0,1,5,4,3,1,1,1,0,11,13
336,1,1,17,0,0,1,1,1,5,3,3,2,4,2,0,0,0,0,1,1,0,0,1,5,3,5,1,5,5,0,8,8
337,1,0,18,1,1,1,1,1,5,5,1,2,2,3,0,0,0,0,1,1,1,1,0,4,5,5,1,2,2,0,14,14
338,1,1,15,1,0,1,4,4,2,3,3,1,1,1,0,0,1,0,1,1,1,1,0,4,3,3,1,3,5,0,12,13
339,1,1,15,1,1,1,3,4,5,5,1,2,1,2,0,0,1,0,1,1,1,1,0,5,5,1,1,1,5,0,12,12
340,0,0,17,0,1,1,4,2,5,5,3,2,2,2,0,1,1,0,0,0,1,1,0,4,3,3,2,3,5,0,17,18
341,1,0,18,1,1,1,3,3,5,5,3,2,2,1,1,0,0,0,0,1,0,1,0,4,1,1,1,1,3,14,8,7
342,0,1,18,0,1,1,1,0,4,4,3,0,3,1,1,1,1,0,0,1,1,0,0,4,3,2,1,1,4,0,12,12
343,1,0,15,1,0,1,1,1,4,5,4,2,1,2,0,1,0,0,0,1,1,1,0,4,3,2,2,3,3,6,12,13
344,1,0,16,1,1,0,4,1,5,5,1,2,1,2,0,0,0,0,1,1,1,1,1,5,3,3,1,2,5,0,14,13
345,0,1,16,0,1,1,1,1,4,5,4,1,2,1,0,0,0,0,1,1,1,0,0,3,4,4,3,4,5,6,11,11
346,1,1,15,1,0,0,4,2,2,2,4,1,2,1,0,0,0,0,0,1,1,0,0,5,5,5,3,4,5,4,10,9
347,1,1,16,1,1,1,4,3,1,5,1,2,1,2,0,0,1,1,1,1,1,1,0,3,4,3,2,3,3,4,11,10
348,0,0,16,1,1,1,1,2,5,3,3,2,1,3,1,0,1,0,0,1,1,0,0,1,3,2,1,2,4,3,9,8
349,1,0,18,1,1,1,3,4,5,5,3,2,1,1,0,0,1,0,1,1,1,1,1,5,4,4,1,1,1,4,11,12
350,1,0,16,1,0,1,2,2,3,3,3,2,3,2,0,0,1,0,0,1,1,1,0,4,3,3,2,3,4,0,14,13
351,1,1,18,0,1,1,3,2,5,5,3,2,1,3,0,0,0,0,1,0,1,0,0,5,3,2,1,1,3,2,10,11
352,0,1,18,1,0,1,1,1,5,3,1,1,2,1,0,0,0,0,0,0,1,1,1,3,3,2,1,2,3,2,14,13
353,0,1,16,0,0,0,4,4,4,5,1,2,1,2,0,0,1,0,0,1,1,0,0,5,3,2,1,3,2,5,10,11
354,1,1,18,1,1,1,4,4,1,3,1,2,2,1,0,0,0,0,1,1,1,1,0,3,2,4,1,4,3,6,11,12
355,1,1,16,1,1,1,3,1,5,5,2,1,2,4,0,0,1,0,0,1,1,1,0,4,3,2,1,1,5,2,13,11
356,0,1,17,0,0,1,1,3,5,5,3,1,2,1,0,0,0,0,1,1,1,0,1,5,1,2,3,3,5,2,12,11
357,0,1,17,1,1,1,1,2,5,5,3,1,1,1,1,0,1,0,1,1,0,1,1,5,3,5,5,5,1,12,6,7
358,0,1,16,0,0,1,1,2,5,4,3,2,1,1,0,0,0,0,0,1,1,0,0,4,4,4,2,4,5,4,9,10
359,0,0,16,0,1,1,0,2,5,5,4,2,2,1,0,0,1,0,1,1,1,0,0,3,2,3,1,2,2,0,12,11
360,1,1,22,1,1,1,3,1,3,3,4,2,1,1,3,0,0,0,0,0,0,1,1,5,4,5,5,5,1,12,7,8
361,1,0,18,1,1,1,2,2,4,4,4,2,1,3,0,0,1,0,0,1,1,1,0,4,3,3,1,2,2,0,18,18
362,0,0,16,1,1,0,3,2,3,4,3,2,2,2,2,0,1,0,1,1,1,0,1,2,5,5,1,1,1,8,5,5
363,0,1,18,1,0,1,4,4,4,2,1,2,1,4,0,0,1,0,1,1,0,1,1,5,5,5,5,5,5,2,5,6
364,0,1,19,1,1,1,3,2,4,3,3,2,2,1,3,0,0,0,1,1,1,0,0,3,2,1,1,1,3,4,6,11
365,0,0,16,1,1,1,1,2,5,3,3,2,1,3,1,0,1,0,0,1,1,0,0,1,3,2,1,2,4,0,10,8
366,0,1,18,1,0,1,4,4,3,5,2,2,1,1,0,0,1,0,1,1,1,1,0,5,4,5,1,1,5,3,17,17
367,1,0,17,0,1,1,3,4,4,3,3,1,1,3,0,0,1,0,1,0,1,1,0,4,3,4,2,5,5,2,15,15
368,1,1,17,1,0,1,2,2,5,5,1,1,1,2,0,0,0,0,1,0,1,1,1,4,4,2,5,5,4,0,16,16
369,1,1,15,1,1,1,2,3,5,3,3,1,1,1,0,1,1,0,1,0,1,1,1,3,2,2,1,3,3,0,11,11
370,0,0,18,0,1,1,1,1,5,5,1,2,4,3,0,0,0,0,0,1,1,1,0,4,3,2,1,2,4,4,10,11
371,1,1,15,1,1,0,3,4,3,5,3,2,1,2,0,0,1,0,1,1,1,1,0,5,4,4,1,1,1,0,16,16
372,1,1,17,1,1,1,2,1,5,5,1,2,2,1,3,1,1,0,1,1,0,1,0,4,5,1,1,1,3,0,9,9
373,1,1,15,1,0,0,4,4,1,1,3,2,1,1,0,0,0,0,1,1,1,1,0,5,5,3,1,1,4,4,13,14
374,0,0,18,0,0,1,2,2,3,3,3,2,1,2,1,0,1,0,1,1,1,1,0,2,3,3,1,2,4,3,7,6
375,1,1,19,1,0,0,4,3,3,4,2,2,1,2,0,0,1,0,0,1,1,1,0,4,3,1,1,1,1,4,11,13
376,1,1,18,1,1,1,4,2,2,5,2,1,1,2,0,0,1,0,1,1,1,1,1,5,4,5,1,3,5,4,10,12
377,1,0,17,1,1,1,3,1,3,3,3,1,1,3,0,0,1,0,0,0,1,1,0,3,4,3,2,3,5,0,17,18
378,1,0,16,1,1,1,3,3,5,5,1,2,1,3,0,0,1,0,0,1,1,1,1,4,3,3,1,3,4,2,9,11
379,1,1,16,1,0,1,2,2,3,3,2,1,2,1,0,0,1,0,1,1,1,1,0,2,3,3,2,2,2,4,12,11
380,0,0,17,0,1,1,3,1,5,5,3,2,2,2,3,0,1,0,1,0,1,1,1,5,4,4,1,1,5,2,7,9
381,1,0,15,1,1,1,4,4,1,2,2,2,1,2,0,0,1,0,0,1,1,1,0,3,3,3,1,2,2,2,14,14
382,1,1,17,1,0,1,4,4,5,1,1,1,2,1,0,0,0,0,0,1,1,1,0,4,1,1,2,2,5,0,12,13
383,0,0,18,0,0,0,3,2,5,5,3,0,2,3,2,0,1,0,0,0,0,0,1,3,3,2,1,1,2,6,7,9
384,0,1,17,1,1,1,3,3,3,3,1,2,1,1,0,0,1,0,1,1,1,1,0,4,1,4,5,5,3,8,7,10
385,1,0,16,1,0,1,4,4,2,2,4,2,1,3,0,0,1,0,1,1,1,1,1,5,4,5,1,1,4,2,15,15
386,1,1,16,0,1,1,2,1,5,5,3,2,2,1,0,0,0,0,1,0,1,0,0,3,3,2,1,3,3,2,14,13
387,1,1,16,1,0,1,4,3,2,5,1,1,1,1,0,0,0,0,1,1,1,1,0,3,1,3,1,3,5,6,12,12
388,1,0,17,0,1,1,4,4,3,3,2,2,2,3,0,0,1,0,1,1,1,1,0,5,3,4,1,1,5,0,7,7
389,1,0,17,0,0,0,1,4,5,5,3,0,4,1,1,0,1,0,0,1,1,1,0,5,5,4,1,1,5,14,9,9
390,1,0,15,1,1,1,4,4,3,1,4,1,1,2,0,1,1,0,1,0,1,1,0,4,4,4,1,1,3,2,13,12
391,0,0,18,0,1,1,4,4,1,4,2,2,3,1,0,0,1,0,1,1,1,1,1,4,4,3,2,2,5,4,7,9
392,0,1,16,1,1,1,1,1,4,3,1,2,2,2,0,0,1,0,1,1,1,0,1,5,4,5,4,5,3,0,7,0
393,1,1,16,1,1,1,3,4,5,5,3,1,3,1,1,0,1,0,1,0,1,1,0,3,4,5,2,4,2,4,9,9
394,0,0,16,1,1,1,1,1,5,5,3,0,1,4,0,1,1,0,1,1,1,1,0,2,2,1,1,1,5,0,14,14
395,1,0,17,0,1,1,2,1,4,3,3,2,3,2,0,0,0,0,1,1,1,0,0,2,1,1,1,1,3,2,13,13
396,1,0,17,1,1,1,4,4,3,1,1,2,2,1,1,0,1,0,0,1,1,1,0,4,2,4,2,3,2,30,14,15
397,1,1,18,1,0,0,4,4,1,1,2,2,1,2,0,0,1,0,1,1,1,1,0,5,4,3,1,1,2,0,17,17
398,1,0,19,1,0,0,2,3,4,5,1,0,2,1,1,0,0,0,0,1,0,1,0,2,2,3,3,4,5,16,10,11
399,1,0,18,1,1,1,2,3,4,5,3,2,1,3,0,0,1,0,0,1,1,1,0,4,3,3,1,2,3,0,11,12
400,1,0,15,1,0,1,4,3,3,3,2,1,1,2,0,1,0,0,1,1,1,1,1,4,4,4,2,4,2,0,13,12
401,1,1,15,1,0,1,3,3,5,5,3,2,1,2,0,0,0,0,1,0,1,1,0,5,3,2,1,1,2,0,13,12
402,1,1,17,1,0,1,1,1,2,5,3,2,2,1,1,0,1,0,1,1,1,1,0,4,4,4,1,2,5,0,9,10
403,1,1,18,1,1,1,2,2,5,3,2,1,1,2,0,0,0,0,0,1,0,1,0,5,5,4,3,5,2,16,8,7
404,0,0,17,0,1,1,2,2,5,5,2,2,2,2,0,0,1,0,1,1,1,0,0,5,3,2,1,1,1,0,15,17
405,0,1,16,0,0,1,4,1,5,4,4,1,1,1,0,0,0,0,0,1,1,1,0,4,1,2,2,1,2,0,10,11
406,0,1,18,0,1,1,1,3,4,5,3,2,2,2,0,0,1,1,0,1,1,0,0,3,3,4,2,4,3,0,8,10
407,0,0,19,0,1,1,2,3,3,5,3,2,1,3,1,0,0,0,1,0,1,1,0,5,4,2,1,2,5,4,10,11
408,1,0,18,0,1,1,1,1,4,5,3,2,3,1,3,0,1,0,1,0,1,0,0,5,2,5,1,5,4,6,11,10
409,1,1,15,1,0,1,4,4,1,5,1,0,1,1,0,0,1,0,0,0,1,1,1,5,4,3,2,4,5,8,10,11
410,1,1,16,1,1,1,2,2,5,5,3,1,1,2,0,0,0,0,0,1,0,1,0,4,3,5,2,4,4,0,9,10
411,1,1,21,0,0,1,1,1,4,5,3,0,2,2,2,0,1,0,1,1,0,1,1,5,3,3,5,2,4,21,9,10
412,1,0,19,0,1,1,3,2,3,3,2,1,1,2,1,1,1,0,0,1,0,1,0,3,3,3,4,3,3,0,9,8
413,1,0,16,0,1,1,1,1,4,5,3,2,4,2,0,0,1,0,0,1,1,0,0,5,1,3,1,1,3,0,14,13
414,1,0,19,1,1,1,4,4,1,5,1,0,1,1,1,0,1,0,0,1,1,1,1,3,2,5,4,4,5,5,9,10
415,0,0,18,0,1,1,2,2,5,5,4,2,2,1,1,0,0,0,0,1,0,1,1,5,5,5,1,1,3,0,8,6
416,0,0,16,1,0,0,2,2,5,5,1,2,1,1,0,0,1,0,0,1,0,0,0,4,3,4,1,2,1,6,7,7
417,1,1,17,1,1,1,2,1,5,5,1,2,1,1,0,0,1,0,0,1,1,1,0,5,4,5,1,2,5,22,9,7
418,0,0,16,0,0,1,1,1,3,3,1,2,1,1,0,0,1,0,1,1,1,1,1,4,4,4,2,2,4,2,14,14
419,0,0,18,0,0,1,4,4,1,3,3,2,1,2,0,0,0,0,1,1,1,1,0,5,4,3,3,4,2,1,13,14
420,1,1,17,1,1,1,4,3,5,5,3,2,1,2,0,0,1,1,1,1,1,1,1,5,2,3,1,1,2,4,11,11
421,1,0,15,1,1,1,4,4,3,4,3,2,1,3,0,0,1,0,1,1,1,1,1,4,3,3,1,1,5,4,13,14
422,1,0,16,1,0,1,4,3,1,3,3,2,3,2,0,0,1,0,1,1,1,1,0,5,4,3,1,2,1,2,16,15
423,0,0,17,1,1,1,0,1,5,4,3,1,2,1,0,0,0,0,1,0,1,0,0,2,4,4,3,5,5,5,9,9
424,1,0,18,1,1,1,4,3,5,5,3,2,1,3,0,0,1,0,1,1,1,1,1,4,3,4,1,1,5,2,14,15
425,1,0,17,1,1,1,1,1,4,5,2,2,1,3,0,0,1,0,1,1,1,0,1,4,3,4,1,1,5,12,12,12
426,1,0,17,1,1,1,2,4,3,3,2,1,1,2,0,0,1,0,1,1,1,0,0,5,4,2,2,3,5,0,17,18
427,1,1,16,1,1,1,3,3,3,5,1,2,1,2,0,0,0,0,1,1,1,1,1,4,2,3,1,2,3,0,11,12
428,1,1,15,1,1,1,2,2,5,5,1,2,1,1,0,0,1,0,0,1,1,1,0,4,2,2,1,2,5,8,11,12
429,0,0,16,1,0,1,4,1,5,5,1,2,2,2,0,0,1,0,1,1,1,1,0,1,2,4,2,2,1,8,9,10
430,1,0,17,1,0,1,4,3,2,5,2,1,1,2,0,0,0,0,1,1,1,1,1,3,2,3,1,2,3,0,14,12
431,1,1,15,1,1,1,4,4,5,1,2,1,2,2,0,0,1,0,1,1,1,0,0,4,4,3,1,1,2,4,16,15
432,0,0,17,0,1,1,3,1,4,5,2,2,1,2,0,0,1,0,1,0,1,1,0,4,5,4,2,3,1,10,8,9
433,1,0,16,1,1,1,3,3,5,3,1,2,1,2,0,1,1,0,1,1,1,1,0,4,3,3,2,4,5,4,11,11
434,1,0,16,1,1,1,3,1,3,5,3,2,1,4,0,1,1,0,0,1,1,1,0,4,3,3,1,2,5,0,10,9
435,1,0,16,0,1,1,2,2,3,3,2,2,2,4,0,0,1,0,1,0,1,1,0,5,3,5,1,1,5,6,13,13
436,1,1,15,1,1,1,2,2,3,3,3,1,1,1,0,1,1,0,0,1,1,1,0,5,4,1,1,1,1,0,9,10
437,0,0,16,0,1,0,2,2,2,5,3,2,1,2,0,0,0,0,0,0,1,0,1,3,3,2,1,1,3,2,8,10
438,1,0,16,1,1,0,2,2,5,5,2,2,1,2,0,1,1,0,0,1,1,1,0,3,3,4,1,1,4,0,13,13
439,1,1,16,1,1,1,4,4,1,1,3,2,1,1,0,0,1,0,0,1,0,1,1,3,3,2,2,1,5,16,9,9
440,1,1,17,1,0,1,4,3,1,5,3,2,2,2,0,0,0,0,1,1,1,1,0,4,4,4,4,4,4,0,10,11
441,1,1,16,1,1,1,4,4,1,1,3,1,1,2,0,0,1,0,1,1,1,1,0,5,4,4,1,2,5,6,16,14
442,0,1,15,1,0,0,2,1,3,3,3,2,1,1,0,0,0,0,1,1,1,1,0,4,3,3,1,2,5,11,12,13
443,0,1,15,0,1,1,1,1,5,5,3,2,4,2,0,0,1,0,1,1,1,0,1,5,4,5,2,4,4,8,7,9
444,0,0,19,1,1,1,1,1,4,3,3,2,1,3,1,0,0,0,1,1,0,0,1,5,3,1,1,1,3,6,7,9
445,1,1,18,1,0,1,2,1,4,5,3,2,4,2,0,1,1,0,1,1,1,1,1,4,3,2,4,5,3,2,9,10
446,0,0,18,1,1,0,1,2,4,5,3,2,2,2,2,0,1,0,0,1,1,0,0,4,3,3,1,1,5,2,6,8
447,1,0,17,1,1,1,2,1,3,5,3,2,2,2,0,0,1,0,1,1,1,1,1,4,3,4,2,2,1,10,12,15
448,1,0,17,1,0,0,2,2,5,5,1,2,1,1,1,0,1,0,0,0,0,1,0,3,1,2,1,1,1,8,11,9
449,1,1,16,1,1,1,3,3,4,5,2,0,3,2,1,1,1,0,0,0,1,1,0,5,3,3,1,3,2,4,9,11
450,0,0,16,1,1,1,4,4,1,3,3,2,2,3,0,0,1,0,0,1,1,1,1,5,3,5,1,4,5,1,10,11
451,1,0,18,1,0,1,4,2,1,5,3,2,1,2,0,0,1,0,1,1,1,1,0,4,2,2,1,1,3,0,14,17
452,1,1,18,1,0,1,4,4,1,1,1,2,1,1,0,0,1,0,0,1,1,1,1,1,4,2,2,2,1,0,18,18
453,1,0,16,1,1,1,4,3,2,5,1,2,1,2,0,0,1,0,1,1,1,1,0,4,3,5,1,5,2,2,14,14
